{
  "r2": 0.9187162623031448,
  "mae": 144391.69835045014,
  "n_test": 120
}